<?xml version="1.0" encoding="UTF-8"?>
<beans xmlns="http://www.springframework.org/schema/beans"
	xmlns:xsi="http://www.w3.org/2001/XMLSchema-instance" xmlns:mvc="http://www.springframework.org/schema/mvc"
	xmlns:context="http://www.springframework.org/schema/context"
	xmlns:aop="http://www.springframework.org/schema/aop" xmlns:tx="http://www.springframework.org/schema/tx"
	xmlns:p="http://www.springframework.org/schema/p"
	xsi:schemaLocation="http://www.springframework.org/schema/beans 
	http://www.springframework.org/schema/beans/spring-beans-3.1.xsd
	http://www.springframework.org/schema/mvc 
	http://www.springframework.org/schema/mvc/spring-mvc-3.0.xsd 
	http://www.springframework.org/schema/context 
	http://www.springframework.org/schema/context/spring-context-3.0.xsd 
	http://www.springframework.org/schema/aop 
	http://www.springframework.org/schema/aop/spring-aop-3.0.xsd 
	http://www.springframework.org/schema/tx 
	http://www.springframework.org/schema/tx/spring-tx-3.0.xsd ">

	<!-- 开启注解 -->
	<mvc:annotation-driven />

	<!-- 扫描组件包 -->
	<context:component-scan base-package="com.java.back" />

	<!-- 引入外部文件 -->
<!-- 	<context:property-placeholder location="classpath:config.properties" />
 -->	
 	<bean id="propertiesConfigurer"
		class="org.springframework.beans.factory.config.PropertyPlaceholderConfigurer">
		<property name="locations">
			<list>
				<value>classpath:config.properties</value>
				<value>classpath:redis.properties</value>
			</list>
		</property>
	</bean>
	
	<!-- 引入redis配置 -->
	 <import resource="spring-redis.xml"/>

	<bean id="dataSource" class="com.mchange.v2.c3p0.ComboPooledDataSource">
		<property name="driverClass" value="${jdbc.driver}"></property>
		<property name="jdbcUrl" value="${jdbc.url}"></property>
		<property name="user" value="${jdbc.username}"></property>
		<property name="password" value="${jdbc.password}"></property>
		<property name="initialPoolSize" value="${jdbc.initialPoolSize}"></property>
		<property name="maxPoolSize" value="${jdbc.maxPoolSize}"></property>
		<property name="minPoolSize" value="${jdbc.minPoolSize}"></property>
		<property name="maxStatements" value="${jdbc.maxStatements}"></property>
		<property name="maxStatementsPerConnection" value="${jdbc.maxStatementsPerConnection}"></property>
		<property name="acquireIncrement" value="${jdbc.acquireIncrement}"></property>
		<property name="acquireRetryAttempts" value="${jdbc.acquireRetryAttempts}"></property>
		<property name="autoCommitOnClose" value="${jdbc.autoCommitOnClose}"></property>
		<property name="acquireRetryDelay" value="${jdbc.acquireRetryDelay}"></property>
		<property name="maxIdleTimeExcessConnections" value="${jdbc.maxIdleTimeExcessConnections}"></property>
		<property name="maxIdleTime" value="${jdbc.maxIdleTime}"></property>
		<property name="idleConnectionTestPeriod" value="${jdbc.idleConnectionTestPeriod}"></property>
		<property name="breakAfterAcquireFailure" value="${jdbc.breakAfterAcquireFailure}"></property>
	</bean>

	<!-- 配置sessionFactory -->
	<bean id="sessionFactory"
		class="org.springframework.orm.hibernate3.annotation.AnnotationSessionFactoryBean">
		<property name="dataSource" ref="dataSource" />
		<property name="hibernateProperties">
			<props>
				<prop key="hibernate.dialect">${hibernate.dialect}</prop>
				<prop key="hibernate.show_sql">${hibernate.show_sql}</prop>
				<prop key="hibernate.format_sql">${hibernate.format_sql}</prop>
				<prop key="hibernate.hbm2ddl">${hibernate.hbm2ddl}</prop>
				<!-- 二级缓存 <prop key="hibernate.cache.use_second_level_cache">true</prop> 
					<prop key="hibernate.cache.provider_class">org.hibernate.cache.EhCacheProvider</prop> 
					<prop key="hibernate.cache.use_query_cache">true</prop> -->
				<prop key="hibernate.cache.use_second_level_cache">true</prop>
				<prop key="hibernate.cache.use_query_cache">true</prop>
				<prop key="hibernate.cache.provider_class">net.sf.ehcache.hibernate.EhCacheProvider</prop>
				<prop key="hibernate.cache.region.factory_class">org.hibernate.cache.ehcache.EhCacheRegionFactory
				</prop>
			</props>
		</property>
		<!--扫描的实体类包  -->
		<property name="packagesToScan" value="com.java.back.model"></property>
	</bean>
	<!--事务的配置  -->
	<bean id="txManager"
		class="org.springframework.orm.hibernate3.HibernateTransactionManager">
		<property name="nestedTransactionAllowed" value="true"></property>
		<property name="sessionFactory" ref="sessionFactory" />
	</bean>
	<tx:annotation-driven transaction-manager="txManager" />
	
	
	 <!-- 事务通知 -->
     <!-- propagation配置传播行为，isolation配置隔离方式，表示在方法存在事务的时候直接使用，
     	不存在则创建一个新事务，隔离级别为一个事务可以读取另外一个已提交事务的内容， -->
    <!-- <tx:advice id="txAdvice" transaction-manager="transactionManager">
        <tx:attributes>
            <tx:method name="*" propagation="REQUIRED" isolation="READ_COMMITTED"/>
        </tx:attributes>
    </tx:advice> -->
	
	 <!-- <tx:advice id="txAdvice" transaction-manager="txManager">
        <tx:attributes>
            <tx:method name="save*" propagation="REQUIRED" />
            <tx:method name="add*" propagation="REQUIRED" />
            <tx:method name="create*" propagation="REQUIRED" />
            <tx:method name="insert*" propagation="REQUIRED" />
            <tx:method name="update*" propagation="REQUIRED" />
            <tx:method name="edit*" propagation="REQUIRED" />
            <tx:method name="merge*" propagation="REQUIRED" />
            <tx:method name="bind*" propagation="REQUIRED" />
            <tx:method name="del*" propagation="REQUIRED" />
            <tx:method name="remove*" propagation="REQUIRED" />
            <tx:method name="put*" propagation="REQUIRED" />
            <tx:method name="use*" propagation="REQUIRED"/>
            <tx:method name="lockingUser" propagation="REQUIRED"/>
            <tx:method name="unlock" propagation="REQUIRED"/>
            <tx:method name="handle*" propagation="REQUIRED"/>
            <tx:method name="falseAlarm*" propagation="REQUIRED"/>
            <tx:method name="sendReport*" propagation="REQUIRED"/>
            hibernate4必须配置为开启事务 否则 getCurrentSession()获取不到
            <tx:method name="get*" propagation="REQUIRED" read-only="true" />
            <tx:method name="count*" propagation="REQUIRED" read-only="true" />
            <tx:method name="find*" propagation="REQUIRED" read-only="true" />
            <tx:method name="list*" propagation="REQUIRED" read-only="true" />
            <tx:method name="*" read-only="true" />
        </tx:attributes>
    </tx:advice>
    <aop:config expose-proxy="true">
        只对业务逻辑层实施事务
        <aop:pointcut id="txPointcut" expression="execution(* com.javass.*.service..*.*(..))" />
        <aop:advisor advice-ref="txAdvice" pointcut-ref="txPointcut"/>
    </aop:config> -->
	
	
	
	<!-- 权限拦截器 -->
	<mvc:interceptors>
		<bean class="com.java.back.intercept.SecureValidInterceptor"></bean>
	</mvc:interceptors>

	<!-- 默认的视图解析器 在上边的解析错误时使用 (默认使用html) -->
	<bean id="defaultViewResolver"
		class="org.springframework.web.servlet.view.InternalResourceViewResolver" p:order="1">
		<property name="viewClass"
			value="org.springframework.web.servlet.view.JstlView" />
		<property name="contentType" value="text/html" />
		<property name="prefix" value="/" />
		<property name="suffix" value=".jsp" />
	</bean>

	<!--避免IE执行AJAX时，返回JSON出现下载文件 -->
	<bean id="mappingJacksonHttpMessageConverter"
		class="org.springframework.http.converter.json.MappingJacksonHttpMessageConverter">
		<property name="supportedMediaTypes">
			<list>
				<value>text/html;charset=UTF-8</value>
			</list>
		</property>
	</bean>

	<!-- 对静态资源文件的访问  方案一 （二选一） 
    <mvc:default-servlet-handler/>  -->  
    <!-- 静态资源映射 -->
    <mvc:resources mapping="/images/**" location="/images/" />
    <mvc:resources mapping="/css/**" location="/css/" />
    <mvc:resources mapping="/js/**" location="/js/" />


	<!-- 配置文件上传-->
	<bean id="multipartResolver"
		class="org.springframework.web.multipart.commons.CommonsMultipartResolver">
		<!-- 默认编码 -->
		<property name="defaultEncoding" value="utf-8" />
		<!-- 文件大小最大值 -->
		<property name="maxUploadSize" value="10485760000" />
		<!-- 内存中的最大值 -->
		<property name="maxInMemorySize" value="40960" />
	</bean>

</beans>