<?xml version="1.0" encoding="UTF-8"?>
<beans xmlns ="http://www.springframework.org/schema/beans"
    xmlns:xsi ="http://www.w3.org/2001/XMLSchema-instance" 
    xsi:schemaLocation ="http://www.springframework.org/schema/beans http://www.springframework.org/schema/beans/spring-beans-2.0.xsd"
    >
	<!-- 要执行的任务类 -->
	<bean id="TaskIssued" class="com.javass.common.quartz.TaskJob"/> 
	
		<!-- jar类  -->   
		<bean id="detailed" class="org.springframework.scheduling.quartz.MethodInvokingJobDetailFactoryBean"> 
		<!-- 将你的类添加到定时器当中  -->       
		<property name="targetObject">                       
			<ref bean="TaskIssued"/>
		</property>
		<!-- 定时执行类里面的哪个方法  --> 
        <property name="targetMethod">            
			<value>stationJob</value>
		</property>
	</bean>
	
	<bean id="timeTrigger" class="org.springframework.scheduling.quartz.CronTriggerBean">  
		<property name="jobDetail">           
			<ref bean="detailed"/>        
		</property>
		<!-- 定时的语法  0 0 15 * * ?
		0 0 12 * * ? 每天中午十二点执行
		  -->
		<!-- 0 0/1 * * * ? -->
		<property name="cronExpression">           
			<value>0 */1 * * * ?</value>
		</property>
	</bean>
	
	<bean id="sfb" class="org.springframework.scheduling.quartz.SchedulerFactoryBean">        
		<property name="triggers">            
			<list>               
				<ref local="timeTrigger"/>
			</list>       			
		</property>
	</bean>
	
</beans> 
	<!-- 
		0 0 10,14,16 * * ? 每天上午10点，下午2点，4点
		0 0/30 9-17 * * ?   朝九晚五工作时间内每半小时
		0 0 12 ? * WED 表示每个星期三中午12点 
		"0 0 12 * * ?" 每天中午12点触发 
		"0 15 10 ? * *" 每天上午10:15触发
		"0 15 10 * * ?" 每天上午10:15触发 
		"0 15 10 * * ? *" 每天上午10:15触发 
		"0 15 10 * * ? 2005" 2005年的每天上午10:15触发
		"0 * 14 * * ?" 在每天下午2点到下午2:59期间的每1分钟触发 
		"0 0/5 14 * * ?" 在每天下午2点到下午2:55期间的每5分钟触发 
		"0 0/5 14,18 * * ?" 在每天下午2点到2:55期间和下午6点到6:55期间的每5分钟触发 
		"0 0-5 14 * * ?" 在每天下午2点到下午2:05期间的每1分钟触发 
		"0 10,44 14 ? 3 WED" 每年三月的星期三的下午2:10和2:44触发
		"0 15 10 ? * MON-FRI" 周一至周五的上午10:15触发 
		"0 15 10 15 * ?" 每月15日上午10:15触发 
		"0 15 10 L * ?" 每月最后一日的上午10:15触发 
		"0 15 10 ? * 6L" 每月的最后一个星期五上午10:15触发 
		"0 15 10 ? * 6L 2002-2005" 2002年至2005年的每月的最后一个星期五上午10:15触发 
		"0 15 10 ? * 6#3" 每月的第三个星期五上午10:15触发 上面这个是quartz的语法 定时单位 
		*/5 * * * * ?  每五秒钟执行一次
		0 0/5 * * * ? 每五分钟
		0 0 0 * * ?   0点
	-->        